11ad7efa24975ee4b0c3c3a38ed18737f0658a5f75a0a96787b576a78a023361	1519	.gitattributes
7d9556013edb7e510355dcb8f501b1101cfec7937daf48719343b5757f1ed4b6	348	README.md
d1c28fc0a4e07f2688d013f576cf76ffc422d278d56a52a82989e0b93b3b3964	413	bucket-icon.svg
9541130d762c5df2b41241ecfbeb85185f0ba196d47816300ba16258875c9eb7	1822	index.html
64e1de4358c79ec0d5f2697c56f98258c025e992c94ad7b3b7801739222ca41d	29648	logbook.css
69d73869184f936613668569980f31984be65229e77c4df4ba9604d3de70c02b	77280	logbook.js
1073782a4d74ff378e8efaeb1b3e6552a8394425386798676243593e8a2e19b7	1183	logbook.json
288246525e07caa2fba2ffc8fda1de444bc5c46c2d50936089e5a9031c39b9e2	1697	pages/claims/page.md
355ca004d690b76a966eea040b8e33fa2fe49fdda66414bcacc2397e724f7024	647	pages/conclusion/page.md
8bbcf207e9999753ec8b1b5dc3b27348df4f45281ca66cdfedf84389c74bd9fd	2095	pages/evidence/page.md
bcfa47bdda3520319d5c85eff78ab01bdb68080218e86a8b99c47bf0495ef92f	217	pages/index.md
e696c7606dff6d692a1e059758010b8665c1272d2d4be1fb193528fa2af3fdf8	401	pages/overview/page.md
5e9c50692b5d1ce057286498d1948a8c5e69754c07ada835fb7af14791209fbf	10445	pages/verification-run/page.md
789bfd541c9f06658ac410d968e9c39fa8c63a48a08643b36071b984c699a9f4	388	style.css
a6eb72253c0128ce79b526a86b7943eed37beec186b5f57ff6c1701d0e9ff596	29998	trackio-logo-light.png
3e3792061d4d095759da30d7cfe7f14b621901793cd4d677b61b2896f5bf472b	55555	trackio-logo.png
71da94795855710d214801eb9b9b7b8898e9a8757abac0e22966a0531bbb2f4f	89832	trackio-wordmark-dark.png
